<?xml version="1.0" encoding="UTF-8"?>
<project-private xmlns="http://www.netbeans.org/ns/project-private/1">
    <editor-bookmarks xmlns="http://www.netbeans.org/ns/editor-bookmarks/2" lastBookmarkId="0"/>
    <open-files xmlns="http://www.netbeans.org/ns/projectui-open-files/2">
        <group>
            <file>file:/D:/escuela/sistemas/Calculadora/src/calculadora/Parseador.java</file>
            <file>file:/D:/escuela/sistemas/Calculadora/src/calculadora/Funcionesarchivo.java</file>
            <file>file:/D:/escuela/sistemas/Calculadora/src/calculadora/Persona.java</file>
            <file>file:/D:/escuela/sistemas/Calculadora/src/calculadora/Serializacion.java</file>
            <file>file:/D:/escuela/sistemas/Calculadora/src/calculadora/Calculadora.java</file>
        </group>
    </open-files>
</project-private>
